{
  "feature_columns": [
    "mean_interval_days",
    "hb_trend",
    "units_per_transfusion_avg",
    "days_since_last_transfusion",
    "age",
    "weightKg",
    "month",
    "day_of_week",
    "has_comorbidities",
    "last_hb",
    "last_units"
  ],
  "feature_importance": {
    "mean_interval_days": 1008343.9220018387,
    "hb_trend": 7736.11559009552,
    "units_per_transfusion_avg": 4141.000720977783,
    "days_since_last_transfusion": 167736.53476047516,
    "age": 4201.13071346283,
    "weightKg": 7810.38712978363,
    "month": 7516.16619682312,
    "day_of_week": 6959.677297592163,
    "has_comorbidities": 268.83689880371094,
    "last_hb": 7164.342402458191,
    "last_units": 4364.635994911194
  },
  "metrics": {
    "train": {
      "mae": 2.062709809089228,
      "rmse": 2.513223100802789,
      "r2": 0.9006026252635364
    },
    "test": {
      "mae": 2.4216615703636064,
      "rmse": 2.9823422591408066,
      "r2": 0.8636723267400928
    },
    "coverage_7_days": 0.9813374805598756,
    "coverage_14_days": 1.0
  },
  "trained_at": "2026-01-17T19:51:45.507822",
  "model_version": "1.0.0"
}